{"Average_wage":{"0":54401.4253,"1":53902.94904,"2":55590.13046,"3":53198.17296,"4":26915.8365,"5":57149.59431,"6":30296.87726,"7":45697.55615,"8":46480.6154,"9":53637.8016,"10":27459.1259,"11":26223.19671,"12":68005.79368,"13":50490.47141,"14":39403.10257,"15":39189.36576,"16":38617.46549,"17":28453.58675,"18":28913.89776,"19":68680.52973,"20":17594.46105,"21":56552.29043,"22":44030.74518,"23":54027.48705,"24":31969.56803,"25":26633.71719,"26":42284.78911,"27":25452.38663,"28":40219.62097,"29":38757.56996,"30":46695.34986,"31":66566.72632,"32":65835.57764},"Country":{"0":"Australia","1":"Austria","2":"Belgium","3":"Canada","4":"Chile","5":"Denmark","6":"Estonia","7":"Finland","8":"France","9":"Germany","10":"Greece","11":"Hungary","12":"Iceland","13":"Ireland","14":"Israel","15":"Italy","16":"Japan","17":"Latvia","18":"Lithuania","19":"Luxembourg","20":"Mexico","21":"Netherlands","22":"New Zealand","23":"Norway","24":"Poland","25":"Portugal","26":"Republic of Korea","27":"Slovakia","28":"Slovenia","29":"Spain","30":"Sweden","31":"Switzerland","32":"United States of America"},"Population":{"0":2499.0,"1":885.9,"2":1146.0,"3":3759.0,"4":1873.0,"5":551.8,"6":132.9,"7":551.8,"8":6699.0,"9":8302.0,"10":1072.0,"11":977.3,"12":36.41,"13":490.4,"14":888.4,"15":6036.0,"16":12650.0,"17":192.0,"18":279.4,"19":61.39,"20":12620.0,"21":1728.0,"22":488.6,"23":543.3,"24":3797.0,"25":1028.0,"26":5164.0,"27":545.8,"28":208.1,"29":4694.0,"30":1023.0,"31":857.0,"32":32820.0},"Population_density":{"0":3,"1":109,"2":383,"3":4,"4":26,"5":137,"6":31,"7":18,"8":119,"9":240,"10":81,"11":107,"12":3,"13":72,"14":400,"15":206,"16":347,"17":30,"18":43,"19":242,"20":66,"21":508,"22":18,"23":15,"24":124,"25":111,"26":527,"27":114,"28":103,"29":94,"30":25,"31":219,"32":36}}